nome,categoria,url,porcao,calorias,carboidratos,proteinas,gorduras_totais,gorduras_saturadas,fibras,acucares,sodio
VANILLA WHEY,,https://www.essentialnutrition.com.br/vanilla-whey-baunilha-sache,"Porção: 25g
(1 sachê)",88.0,0.0,22.0,0.0,0.0,0.0,0.0,89.0
VEGGIE PROTEIN VANILLA,,https://www.essentialnutrition.com.br/veggie-protein-vanilla-baunilha,"Porção: 30g
(1 colher-medida)",123.0,0.8,22.0,3.5,0.5,1.6,0.0,310.0
CHOCOLIFT BE TRUTH,,https://www.essentialnutrition.com.br/chocollift-be-truth-chocolate-branco-proteico-box,"Porção: 40g
(1 unidade)",521.0,21.0,17.0,41.0,26.0,20.0,1.6,59.0
IMMUNO WHEY BAUNILHA,,https://www.essentialnutrition.com.br/immuno-whey-baunilha,"Porção: 25g
(1 colher-medida)",88.0,0.0,22.0,0.0,0.0,0.0,0.0,100.0
XYLITOL,,https://www.essentialnutrition.com.br/xylitol-adocante-natural,"Porção: 3,33g
(1 colher de chá)",238.0,99.0,0.0,0.0,0.0,0.0,0.0,0.0
OMEGA VISION,,https://www.essentialnutrition.com.br/omega-vision-suplemento-para-visao,"Quantidade por porção: 2g
(2 cápsulas)",0.0,0.0,0.0,0.0,0.0,0.0,0.0,0.0
VIT C 4 PROTECT,,https://www.essentialnutrition.com.br/vit-c-4-protect-vitamina-c,"Porção: 2g
(3 capsulas)",0.0,0.0,0.0,0.0,0.0,0.0,0.0,0.0
UPLIFT,,https://www.essentialnutrition.com.br/uplift-cafeina-com-oleo-de-cartamo,"Porção: 1,7g
(2 cápsulas)",9.0,0.0,0.0,1.0,0.0,0.0,0.0,0.0
AMINOLIFT,,https://www.essentialnutrition.com.br/aminolift-tangerina-box-aminoacidos-magnesio-vitamina-b6,"Porção: 12,5g
(1 sachê)",14.0,2.9,0.0,0.0,0.0,1.6,0.0,16.0
FIBER BIOME LARANJA,,https://www.essentialnutrition.com.br/fiber-biome-blend-fibras-laranja,Porção: 11g (1 colher-medida),18.0,0.6,0.0,0.0,0.0,9.0,0.0,28.0
CAPPUCCINO WHEY,,https://www.essentialnutrition.com.br/cappuccino-whey-protein,"Porção: 30g
(1 colher-medida)",104.0,2.9,22.0,0.5,0.2,0.7,0.0,93.0
SUPER OMEGA-3 TG,,https://www.essentialnutrition.com.br/super-omega-3-tg-90-caps,,18.0,0.0,0.0,2.0,0.0,0.0,0.0,0.0
CAPPUCCINO WHEY,,https://www.essentialnutrition.com.br/cappuccino-whey-protein-box,"Porção: 30g
(1 sachê)",104.0,2.9,22.0,0.5,0.2,0.7,0.0,93.0
MUSCLE SYNERGY PÊSSEGO E FRUTAS TROPICAIS,,https://www.essentialnutrition.com.br/muscle-synergy-suplemento-proteico,"Porção: 30,3g
(1 colher-medida)",64.0,1.9,14.0,0.0,0.0,1.3,0.0,122.0
VEGGIE PROTEIN BANANA COM CANELA,,https://www.essentialnutrition.com.br/veggie-protein-banana-com-canela,"Porção: 33g
(1 colher-medida)",134.0,3.6,22.0,3.5,0.0,2.1,2.0,282.0
GLUTAMINA,,https://www.essentialnutrition.com.br/glutamina-120-doses,"Porção: 5g (1 colher-medida, conforme marcação)",0.0,0.0,0.0,0.0,0.0,0.0,0.0,0.0
OMEGA GOLDEN,,https://www.essentialnutrition.com.br/omega-golden-curcumina-astaxantina,"Porção: 2,4g (2 cápsulas)",12.0,0.0,0.0,1.3,0.0,0.0,0.0,0.0
CHOCOLIFT BE UNIQUE,,https://www.essentialnutrition.com.br/chocolift-be-unique-chocolate-whey-protein-caixa,Porção: 40g (1 unidade),473.0,33.0,21.0,35.0,22.0,7.1,0.0,51.0
SWEETLIFT COOK,,https://www.essentialnutrition.com.br/sweetlift-cook-adocante-para-uso-culinario,"Porção: 10g
(1 colher de sopa)",131.0,96.0,0.0,0.0,0.0,0.0,0.0,0.0
CACAO WHEY,,https://www.essentialnutrition.com.br/cacao-whey-protein-chocolate,"Porção: 28g
(1 colher-medida)",104.0,1.9,22.0,0.9,0.5,1.6,0.0,89.0
HEAT UP,,https://www.essentialnutrition.com.br/heat-up-pre-treino,Porção: 7g (1 stick),4.0,0.8,0.0,0.0,0.0,0.5,0.0,5.0
SUPER OMEGA-3 TG,,https://www.essentialnutrition.com.br/super-omega-3-tg-240-caps,"Porção: 4,3g
(6 cápsulas)",27.0,0.0,0.0,0.0,0.0,0.0,0.0,0.0
COLLAGEN SKIN CRANBERRY,,https://www.essentialnutrition.com.br/collagen-skin-cranberry,"Porção: 11g
(1 colher-medida)",37.0,0.8,8.4,0.0,0.0,0.0,0.0,106.0
AÇAÍ WHEY,,https://www.essentialnutrition.com.br/acai-whey-protein-acai-com-banana-sache,"Porção: 30g
(1 sachê)",116.0,3.0,22.0,1.7,0.5,1.0,1.4,96.0
IMMUNO GOLDEN WHEY,,https://www.essentialnutrition.com.br/immuno-golden-whey-sache,"Porção: 32g
(1 sachê)",122.0,4.1,22.0,1.9,1.7,1.0,0.0,104.0
CHOCOKI READY,,https://www.essentialnutrition.com.br/chocoki-ready-multivitaminico-achocolatado,"Porção: 200 ml
(1 unidade)",107.0,9.2,5.9,5.2,3.3,0.7,7.7,162.0
BEEF PROTEIN CACAO,,https://www.essentialnutrition.com.br/beef-protein-cacao-proteina-hidrolisada-sache,Quantidade por porção: 32g (1 sachê),0.0,0.0,0.0,0.0,0.0,0.0,0.0,0.0
COOKIES & LIME WHEY,,https://www.essentialnutrition.com.br/cookies-and-lime-whey,Porção: 27g (1 colher-medida),93.0,1.1,22.0,0.0,0.0,0.8,0.3,108.0
VEGGIE PROTEIN VANILLA,,https://www.essentialnutrition.com.br/veggie-protein-vanilla-baunilha-sache-1,"Porção: 30g
(1 sachê)",123.0,0.8,22.0,3.5,0.5,1.6,0.0,310.0
PINEAPPLE WHEY,,https://www.essentialnutrition.com.br/pineapple-whey-abacaxi-com-agua-de-coco-box,"Porção: 30g
(1 sachê)",109.0,5.1,22.0,0.0,0.0,0.6,2.3,88.0
VEGGIE PROTEIN CACAO,,https://www.essentialnutrition.com.br/veggie-protein-cacao-chocolate-sache,Porção: 35g (1 sachê),137.0,2.7,22.0,4.2,0.9,3.5,0.0,293.0
CHOCOKI READY,,https://www.essentialnutrition.com.br/chocoki-ready-multivitaminico-achocolatado-pack,"Porção: 200 ml
(1 unidade)",107.0,9.2,5.9,5.2,3.3,0.7,7.7,162.0
FRESH START,,https://www.essentialnutrition.com.br/fresh-start-gel-de-limpeza-facial,,0.0,0.0,0.0,0.0,0.0,0.0,0.0,0.0
CHOCOLIFT BE TRUTH,,https://www.essentialnutrition.com.br/chocollift-be-truth-chocolate-branco-proteico-barra,"Porção: 40g
(1 unidade)",521.0,21.0,17.0,41.0,26.0,20.0,1.6,59.0
COLLAGEN BONES,,https://www.essentialnutrition.com.br/collagen-bones,,48.0,1.4,8.5,0.6,0.6,1.7,0.0,63.0
CHOCOLIFT BE POWERFUL,,https://www.essentialnutrition.com.br/chocolift-be-powerful-chocolate-whey-protein-nibs-de-cacau,"Porção: 40g
(1 unidade)",473.0,31.0,20.0,35.0,22.0,8.8,0.6,46.0
MONDZ,,https://www.essentialnutrition.com.br/mondz-amendoas-com-chocolate,"Porção: 50g
(1 sachê)",475.0,29.0,21.0,36.0,14.0,9.1,1.5,42.0
DHA TG,,https://www.essentialnutrition.com.br/dha-tg-omega-3-ultraconcentrado-180,"Porção: 4,3g
(3 cápsulas)",27.0,0.0,0.0,3.0,0.0,0.0,0.0,0.0
CACAO WHEY,,https://www.essentialnutrition.com.br/cacao-whey-protein-chocolate-sache,"Porção: 28g
(1 sachê)",104.0,1.9,22.0,0.9,0.5,1.6,0.0,89.0
VEGGIE PROTEIN BANANA COM CANELA,,https://www.essentialnutrition.com.br/veggie-protein-banana-com-canela-box,"Porção: 33g
(1 sachê)",134.0,3.6,22.0,3.5,0.0,2.1,2.0,282.0
AMINO GREENS,,https://www.essentialnutrition.com.br/amino-greens-limao-box,"Porção: 8,7g (1 sachê)",5.0,1.0,0.0,0.0,0.0,0.8,0.0,56.0
IMMUNO GOLDEN WHEY,,https://www.essentialnutrition.com.br/immuno-golden-whey-box,"Porção: 32g
(1 sachê)",122.0,4.1,22.0,1.9,1.7,1.0,0.0,104.0
COLLAGEN ESSENTIAL PROTEIN TANGERINA,,https://www.essentialnutrition.com.br/collagen-essential-protein-tangerina,"Porção: 17,3g
(1 colher-medida)",56.0,0.0,14.0,0.0,0.0,1.0,0.0,43.0
ESPRESSO WHEY,,https://www.essentialnutrition.com.br/espresso-whey-protein-hidrolisado-e-isolado-sache,"Porção: 30g
(1 sachê)",110.0,4.5,22.0,0.4,0.2,0.7,0.0,86.0
ESPRESSO WHEY,,https://www.essentialnutrition.com.br/espresso-whey-protein-hidrolisado-e-isolado,"Porção: 30g
(1 colher-medida)",110.0,4.5,22.0,0.4,0.2,0.7,0.0,86.0
COLLAGEN ESSENTIAL PROTEIN NEUTRO,,https://www.essentialnutrition.com.br/collagen-essential-protein-neutro,"Porção: 15,25g
(1 colher-medida)",56.0,0.0,14.0,0.0,0.0,0.0,0.0,67.0
BLISSFUL,,https://www.essentialnutrition.com.br/blissful,"Porção: 269ml
(1 lata)",0.0,0.0,0.0,0.0,0.0,0.0,0.0,0.0
IMMUNO WHEY BAUNILHA,,https://www.essentialnutrition.com.br/immuno-whey-baunilha-sache,"Porção: 25g
(1 sachê)",88.0,0.0,22.0,0.0,0.0,0.0,0.0,100.0
VITAMINI JUICE UVA,,https://www.essentialnutrition.com.br/vitamini-juice-uva-suco-em-po,"Quantidade por porção: 11,7g
(1 colher-medida)",0.0,0.0,0.0,0.0,0.0,0.0,0.0,0.0
CREATINE ACTION GUMMY JABUTICABA,,https://www.essentialnutrition.com.br/creatina-em-goma-sabor-jabuticaba,Porção: 8g (2 gomas),11.0,3.0,0.8,0.0,0.0,0.0,0.0,0.0
PINEAPPLE WHEY,,https://www.essentialnutrition.com.br/pineapple-whey-abacaxi-com-agua-de-coco,"Porção: 30g
(1 colher-medida)",109.0,5.1,22.0,0.0,0.0,0.6,2.3,88.0
MELATONIN DUO,,https://www.essentialnutrition.com.br/melatonin-duo-melatonina,"Porção: 0,2g (1 comprimido)",0.0,0.0,0.0,0.0,0.0,0.0,0.0,0.0
AMINOLIFT,,https://www.essentialnutrition.com.br/aminolift-tangerina-aminoacidos-magnesio-vitamina-b6,"Porção: 12,5g
(1 colher-medida, conforme marcação)",14.0,2.9,0.0,0.0,0.0,1.6,0.0,16.0
QUANTUM LEAP,,https://www.essentialnutrition.com.br/quantum-leap-bebida-para-foco,Porção: 269ml (1 lata),80.0,20.0,0.0,0.0,0.0,0.0,20.0,36.0
JOURNEY - MEDITERRANEAN CRACKER,,https://www.essentialnutrition.com.br/journey-mediterranean-cracker,"Porção: 25g
(1 sachê)",363.0,39.0,18.0,15.0,2.5,10.0,1.8,591.0
DHA TG,,https://www.essentialnutrition.com.br/dha-tg-omega-3-ultraconcentrado,"Porção: 4,3g
(3 cápsulas)",27.0,0.0,0.0,3.0,0.0,0.0,0.0,0.0
VITAMINI D3 GUMMY,,https://www.essentialnutrition.com.br/vitamini-d3-gummy-gomas-vitaminadas,,5.0,1.6,0.0,0.0,0.0,0.9,0.0,0.0
RED BERRY WHEY,,https://www.essentialnutrition.com.br/red-berry-whey-antioxidante,"Porção: 30g
(1 colher-medida)",109.0,5.1,22.0,0.0,0.0,0.0,1.1,97.0
IMMUNO GOLDEN WHEY,,https://www.essentialnutrition.com.br/immuno-golden-whey,"Porção: 32g
(1 colher-medida)",122.0,4.1,22.0,1.9,1.7,1.0,0.0,104.0
H.I. WHEY,,https://www.essentialnutrition.com.br/h-i-whey-protein-sem-sabor,"Porção: 25g
(1 colher-medida, conforme marcação)",88.0,0.0,22.0,0.0,0.0,0.0,0.0,92.0
SUPER OMEGA-3 TG,,https://www.essentialnutrition.com.br/super-omega-3-tg-60-caps,,18.0,0.0,0.0,2.0,0.0,0.0,0.0,0.0
VEGGIE PROTEIN BANANA COM CANELA,,https://www.essentialnutrition.com.br/veggie-protein-banana-com-canela-sache-avulso,"Porção: 33g
(1 sachê)",134.0,3.6,22.0,3.5,0.0,2.1,2.0,282.0
RADIANCE JOY CHOCOLATE,,https://www.essentialnutrition.com.br/radiance-joy-protein-bar-chocolate,"Porção: 50g
(1 barra)",196.0,11.0,11.0,11.0,0.0,11.0,0.0,80.0
BERRYKI,,https://www.essentialnutrition.com.br/berryki-polivitaminico-frutas-vermelhas,"Porção: 15g
(2 colheres de sopa rasas)",33.0,11.0,0.0,0.0,0.0,2.8,0.0,13.0
PROBIO 20BI,,https://www.essentialnutrition.com.br/probio-20-bi-probioticos,"Porção: 751,2mg (2 cápsulas)",0.0,0.0,0.0,0.0,0.0,0.0,0.0,0.0
SUPER OMEGA-3 TG,,https://www.essentialnutrition.com.br/super-omega-3-tg-120-caps,"Porção: 4,3g
(6 cápsulas)",27.0,0.0,0.0,0.0,0.0,0.0,0.0,0.0
OMEGA BRAIN,,https://www.essentialnutrition.com.br/omega-brain-cafeina-fosfatidilserina,"Porção: 2,9g
(2 cápsula)",11.0,0.0,0.0,1.2,0.0,0.0,0.0,0.0
VIT D3,,https://www.essentialnutrition.com.br/vit-d3-vitamina-d,"Porção: 0,8g
(1 cápsula)",5.0,0.0,0.0,0.5,0.2,0.0,0.0,0.0
XYLITOL,,https://www.essentialnutrition.com.br/xylitol-adocante-natural-900g,"Quantidade por porção: 3,3g
(1 colher de chá)",0.0,0.0,0.0,0.0,0.0,0.0,0.0,0.0
COLLAGEN 2 JOINT LIMÃO-SICILIANO,,https://www.essentialnutrition.com.br/collagen-2-joint-limao-siciliano-lata,"Porção: 11,7g
(1 colher-medida, conforme marcação)",36.0,0.7,8.4,0.0,0.0,0.0,0.0,45.0
RADIANCE JOY CHOCOLATE,,https://www.essentialnutrition.com.br/radiance-joy-protein-bar-chocolate-box,"Porção: 50g
(1 barra)",196.0,11.0,11.0,11.0,0.0,11.0,0.0,80.0
D-RIBOSE,,https://www.essentialnutrition.com.br/d-ribose-em-po,"Porção: 2,5g
(1 colher-medida, conforme marcação)",10.0,2.5,0.0,0.0,0.0,0.0,2.5,0.0
ESPRESSO WHEY,,https://www.essentialnutrition.com.br/espresso-whey-protein-hidrolisado-e-isolado-box,"Porção: 30g
(1 sachê)",110.0,4.5,22.0,0.4,0.2,0.7,0.0,86.0
XYLITOL,,https://www.essentialnutrition.com.br/xylitol-em-sache-box,"Porção: 5g
(1 sachê)",238.0,99.0,0.0,0.0,0.0,0.0,0.0,0.0
RADIANCE JOY GOLDEN MILK,,https://www.essentialnutrition.com.br/radiance-joy-protein-bar-golden-milk,Porção: 50g (1 barra),168.0,14.0,11.0,8.2,4.2,8.5,3.8,48.0
CREATINE ACTION GUMMY LARANJA,,https://www.essentialnutrition.com.br/creatina-em-goma-sabor-laranja,,0.0,0.0,0.0,0.0,0.0,0.0,0.0,0.0
RED BERRY WHEY,,https://www.essentialnutrition.com.br/red-berry-whey-antioxidante-sache,"Porção: 30g
(1 sachê)",109.0,5.1,22.0,0.0,0.0,0.0,1.1,97.0
BCAA LIFT 8:1:1 LIMÃO,,https://www.essentialnutrition.com.br/bcaa-lift-8-1-1-limao,"Quantidade por porção:7g
(1 colher-medida conforme marcação)",0.0,0.0,0.0,0.0,0.0,0.0,0.0,0.0
HYDROLIFT LIMÃO-SICILIANO,,https://www.essentialnutrition.com.br/hydrolift-limao-siciliano-eletrolitos-e-vitamina-c,"Porção: 3,3g
(1 stick)",0.0,0.0,0.0,0.0,0.0,0.0,0.0,46.0
COLLAGEN GUT LARANJA E BLUEBERRY,,https://www.essentialnutrition.com.br/collagen-gut-laranja-e-blueberry,"Porção: 20g
(1 colher-medida)",31.0,0.8,4.2,0.0,0.0,5.7,0.0,73.0
VEGGIE PROTEIN VANILLA,,https://www.essentialnutrition.com.br/veggie-protein-vanilla-baunilha-box,"Porção: 30g
(1 sachê)",123.0,0.8,22.0,3.5,0.5,1.6,0.0,310.0
CHOCOLIFT BE POWERFUL,,https://www.essentialnutrition.com.br/chocolift-be-powerful-chocolate-whey-protein-nibs-de-cacau-caixa,"Porção: 40g
(1 unidade)",473.0,31.0,20.0,35.0,22.0,8.8,0.6,46.0
CHOCOLIFT BE BRILLIANT,,https://www.essentialnutrition.com.br/chocolift-be-brilliant-chocolate-whey-protein-castanha-caixa,Quantidade por porção: 40g (1 barra),0.0,0.0,0.0,0.0,0.0,0.0,0.0,0.0
RADIANCE JOY BERRIES + WHITE CHOCOLATE,,https://www.essentialnutrition.com.br/radiance-joy-protein-bar-berries-white-chocolate,Porção: 50g (1 barra),164.0,15.0,10.0,7.9,0.0,8.6,0.0,53.0
FIBERLIFT,,https://www.essentialnutrition.com.br/fiberlift-suplemento-de-fibras-em-po,"Porção: 10g
(2 colheres-medida)",16.0,0.6,0.0,0.0,0.0,8.9,0.6,0.0
BEEF PROTEIN CACAO,,https://www.essentialnutrition.com.br/beef-protein-cacao-proteina-hidrolisada,Porção: 32g (1 colher-medida),59.0,1.7,12.0,0.6,0.3,1.0,0.0,84.0
CACAO WHEY,,https://www.essentialnutrition.com.br/cacao-whey-protein-chocolate-30-doses,"Porção: 28g
(1 colher-medida)",104.0,1.9,22.0,0.9,0.5,1.6,0.0,89.0
RADIANCE JOY GOLDEN MILK,,https://www.essentialnutrition.com.br/radiance-joy-protein-bar-golden-milk-box,Porção: 50g (1 barra),168.0,14.0,11.0,8.2,4.2,8.5,3.8,48.0
KRILL OIL,,https://www.essentialnutrition.com.br/krill-oil-capsulas,"Porção: 1,4g
(2 cápsulas)",9.0,0.0,0.0,1.0,0.2,0.0,0.0,0.0
CHOCOLIFT BE BRILLIANT,,https://www.essentialnutrition.com.br/chocolift-be-brilliant-chocolate-whey-protein-castanha,Quantidade por porção: 40g (1 barra),0.0,0.0,0.0,0.0,0.0,0.0,0.0,0.0
COLLAGEN SKIN LIMÃO-SICILIANO,,https://www.essentialnutrition.com.br/collagen-skin-limao-siciliano,"Porção: 11g
(1 colher-medida, conforme marcação)",36.0,0.7,8.4,0.0,0.0,0.0,0.0,105.0
VITAMINI C GUMMY,,https://www.essentialnutrition.com.br/vitamini-c-gummy-gomas-vitaminadas,,5.0,1.6,0.0,0.0,0.0,0.9,0.0,0.0
COQ10,,https://www.essentialnutrition.com.br/coq10-em-capsula-120,"Porção: 1,5g (2 cápsulas)",7.0,0.0,0.0,0.8,0.0,0.0,0.0,0.0
CARBPRO 4:1 ENDURANCE & RECOVERY CITRUS,,https://www.essentialnutrition.com.br/carbpro-4-1-citrus,"Porção: 70g
(2 colheres-medida, conforme marcação)",248.0,50.0,12.0,0.0,0.0,0.0,35.0,67.0
GOLDEN LIFT,,https://www.essentialnutrition.com.br/golden-lift,Quantidade por porção: 7g (1 scoop),0.0,0.0,0.0,0.0,0.0,0.0,0.0,0.0
MELATONIN DUO HARMONY,,https://www.essentialnutrition.com.br/melatonin-duo-harmony-melatonina-nutrientes-essenciais,"Porção: 0,8g
(1 cápsula)",0.0,0.0,0.0,0.0,0.0,0.0,0.0,0.0
IMMUNO VEGGIE PROTEIN CHOCOLATE,,https://www.essentialnutrition.com.br/immuno-veggie-protein-chocolate-box,"Porção: 36,6g (1 sachê)",133.0,4.4,22.0,3.0,1.5,3.8,0.0,200.0
CHOCOLIFT BE ALIVE,,https://www.essentialnutrition.com.br/chocolift-be-alive-chocolate-whey-protein-berries-caixa,"Porção: 40g
(1 unidade)",457.0,36.0,20.0,32.0,20.0,7.5,2.9,49.0
CAPPUCCINO WHEY,,https://www.essentialnutrition.com.br/cappuccino-whey-protein-sache,"Porção: 30g
(1 sachê)",104.0,2.9,22.0,0.5,0.2,0.7,0.0,93.0
COLLAGEN PEPT PROTEIN,,https://www.essentialnutrition.com.br/collagen-pept-protein-bebida-proteica,"Porção: 250 ml
(1 unidade)",126.0,2.6,20.0,3.5,3.3,4.1,0.0,90.0
OMEGA CORE,,https://www.essentialnutrition.com.br/omega-core-astaxantina-coq10,"Porção: 2,1g
(2 cápsulas)",12.0,0.0,0.0,1.3,0.0,0.0,0.0,0.0
BEEF PROTEIN CACAO,,https://www.essentialnutrition.com.br/beef-protein-cacao-proteina-hidrolisada-box,Quantidade por porção: 32g (1 sachê),0.0,0.0,0.0,0.0,0.0,0.0,0.0,0.0
IMMUNO WHEY CHOCOLATE,,https://www.essentialnutrition.com.br/immuno-whey-chocolate-sache,"Porção: 31g
(1 sachê)",102.0,1.6,22.0,0.8,0.4,1.9,0.0,129.0
CHOCOLIFT BE ALIVE,,https://www.essentialnutrition.com.br/chocolift-be-alive-chocolate-whey-protein-berries,"Porção: 40g
(1 unidade)",457.0,36.0,20.0,32.0,20.0,7.5,2.9,49.0
HAPPY THEANINE,,https://www.essentialnutrition.com.br/happy-theanine-l-teanina-pura,"Porção: 0,5g
(1 cápsula)",0.0,0.0,0.0,0.0,0.0,0.0,0.0,0.0
COLLAGEN 2 JOINT LIMÃO-SICILIANO,,https://www.essentialnutrition.com.br/collagen-2-joint-limao-siciliano-box,"Porção: 11,7g
(1 sticks)",36.0,0.7,8.4,0.0,0.0,0.0,0.0,45.0
HYDROLIFT NEUTRO,,https://www.essentialnutrition.com.br/hydrolift-neutro-eletrolitos-e-vitamina-c,"Porção: 1,8g
(1 stick)",0.0,0.0,0.0,0.0,0.0,0.0,0.0,46.0
IMMUNO WHEY CHOCOLATE,,https://www.essentialnutrition.com.br/immuno-whey-chocolate-box,"Porção: 31g
(1 sachê)",102.0,1.6,0.0,0.8,0.4,0.0,0.0,129.0
COLLAGEN ESSENTIAL PROTEIN FRUTAS TROPICAIS,,https://www.essentialnutrition.com.br/collagen-essential-protein-frutas-tropicais,"Porção: 17,1g
(1 colher-medida)",59.0,0.8,14.0,0.0,0.0,0.0,0.0,48.0
PINEAPPLE WHEY,,https://www.essentialnutrition.com.br/pineapple-whey-abacaxi-com-agua-de-coco-sache,"Porção: 30g
(1 sachê)",109.0,5.1,22.0,0.0,0.0,0.6,2.3,88.0
AÇAÍ WHEY,,https://www.essentialnutrition.com.br/acai-whey-protein-acai-com-banana-box,"Porção: 30g
(1 sachê)",116.0,3.0,22.0,1.7,0.5,1.0,1.4,96.0
OMEGA JOINT,,https://www.essentialnutrition.com.br/omega-joint-suplemento-para-articulacao,"Porção: 2,5g (2 cápsulas)",14.0,0.0,0.0,1.5,0.0,0.0,0.0,0.0
CHOCOKI,,https://www.essentialnutrition.com.br/chocoki-achocolatado-vitaminado-sem-acucar,"Porção: 15g
(2 colheres de sopa rasas)",24.0,9.7,1.2,0.7,0.4,1.6,0.0,0.0
VITAMINI JUICE LARANJA,,https://www.essentialnutrition.com.br/vitamini-juice-laranja-suco-em-po,"Quantidade por porção: 11,7g
(1 colher-medida)",0.0,0.0,0.0,0.0,0.0,0.0,0.0,0.0
MUSCLE SYNERGY JABUTICABA,,https://www.essentialnutrition.com.br/muscle-synergy-suplemento-proteico-jabuticaba-com-limao,"Porção: 28,5g (1 colher-medida)",60.0,0.9,14.0,0.0,0.0,0.6,0.0,116.0
RADIANCE JOY MYSTIC LEMON,,https://www.essentialnutrition.com.br/radiance-joy-protein-bar-mystic-lemon,Porção: 50g (1 barra),158.0,14.0,11.0,7.3,3.9,8.0,2.9,57.0
AMINO GREENS,,https://www.essentialnutrition.com.br/amino-greens-limao,"Porção: 8,7g
(1 colher-medida)",5.0,1.0,0.0,0.0,0.0,0.8,0.0,56.0
FIBER BIOME NEUTRO,,https://www.essentialnutrition.com.br/fiber-biome-blend-fibras,"Porção: 10g
(1 colher-medida)",15.0,0.0,0.0,0.0,0.0,8.7,0.0,26.0
VEGGIE PROTEIN NEUTRO,,https://www.essentialnutrition.com.br/veggie-protein-neutro,"Porção: 27g
(1 colher-medida)",0.0,0.0,22.0,3.5,0.5,1.4,0.0,282.0
BETA ACTION MELANCIA,,https://www.essentialnutrition.com.br/beta-action-pre-treino-melancia-com-limao,"Porção: 31,5g
(1 colher-medida)",88.0,22.0,0.0,0.0,0.0,0.0,19.0,226.0
FOCUS THEANINE + CAFFEINE,,https://www.essentialnutrition.com.br/focus-theanine-l-teanina-e-cafeina,"Porção: 0,7g (1 cápsula)",0.0,0.0,0.0,0.0,0.0,0.0,0.0,0.0
SUPER OMEGA-3 TG GASTRO-RESISTANT,,https://www.essentialnutrition.com.br/super-omega-3-tg-gastro-resistant,,18.0,0.0,0.0,2.0,0.0,0.0,0.0,0.0
BRAINSTORM COFFEE,,https://www.essentialnutrition.com.br/brainstorm-coffee-cafe,"Porção: 9,3g
(1 colher-medida)",26.0,2.9,2.1,0.6,0.5,0.9,0.0,32.0
BEEF PROTEIN BANANA COM CANELA,,https://www.essentialnutrition.com.br/beef-protein-banana-com-canela,"Porção: 30g
(1 colher-medida)",60.0,2.5,12.0,0.3,0.1,0.5,1.2,83.0
LIVESTRONG CHOCOLATE,,https://www.essentialnutrition.com.br/livestrong-com-peptistrong-chocolate,"Porção: 7,9g (1 colher-medida)",11.0,1.0,1.2,0.2,0.1,1.1,0.0,7.4
PRE-ACTION ENERGY DRINK MAÇÃ,,https://www.essentialnutrition.com.br/pre-action-energy-drink-maca-box,"Porção: 27g
(1 sachê)",88.0,22.0,0.0,0.0,0.0,0.0,21.0,295.0
COLLAGEN GUT MIX DE FRUTAS,,https://www.essentialnutrition.com.br/collagen-gut-mix-de-frutas,Porção: 23g (1 colher-medida),37.0,2.2,4.2,0.0,0.0,5.7,0.0,137.0
COLLAGEN 2 JOINT NEUTRO,,https://www.essentialnutrition.com.br/collagen-2-joint-neutro-box,"Porção: 10g
(1 stick)",34.0,0.0,8.4,0.0,0.0,0.0,0.0,45.0
CRANBERRY LIFT,,https://www.essentialnutrition.com.br/cranberry-lift-box,Porção: 5g (1 sachê),9.0,2.2,0.0,0.0,0.0,0.0,1.2,0.0
VEGGIE PROTEIN CACAO,,https://www.essentialnutrition.com.br/veggie-protein-cacao-chocolate-box,Porção: 35g (1 sachê),137.0,2.7,22.0,4.2,0.9,3.5,0.0,293.0
VANILLA WHEY,,https://www.essentialnutrition.com.br/vanilla-whey-baunilha-30-doses,"Porção: 25g
(1 colher-medida)",88.0,0.0,22.0,0.0,0.0,0.0,0.0,89.0
RADIANCE JOY BERRIES + WHITE CHOCOLATE,,https://www.essentialnutrition.com.br/radiance-joy-protein-bar-berries-white-chocolate-box,Porção: 50g (1 barra),164.0,15.0,10.0,7.9,0.0,8.6,0.0,53.0
HYDROLIFT TANGERINA,,https://www.essentialnutrition.com.br/hydrolift-tangerina-eletrolitos-e-vitamina-c,"Porção: 2,9g
(1 stick)",0.0,0.1,0.0,0.0,0.0,0.0,0.0,46.0
PRE-ACTION ENERGY DRINK ABACAXI,,https://www.essentialnutrition.com.br/pre-action-energy-drink-abacaxi,"Porção: 27g
(1 sachê)",88.0,22.0,0.0,0.0,0.0,0.0,21.0,296.0
SUPER OMEGA-3 TG,,https://www.essentialnutrition.com.br/super-omega-3-tg-180-caps,,18.0,0.0,0.0,2.0,0.0,0.0,0.0,0.0
RADIANCE JOY MYSTIC LEMON,,https://www.essentialnutrition.com.br/radiance-joy-protein-bar-mystic-lemon-box,Porção: 50g (1 barra),158.0,14.0,11.0,7.3,3.9,8.0,2.9,57.0
PRO-COLLAGEN VEGAN,,https://www.essentialnutrition.com.br/pro-collagen-vegan-laranja-box,"Porção: 12,3g
(1 sachê)",0.0,0.0,0.0,0.0,0.0,0.0,0.0,0.0
FEEL COMPLETE,,https://www.essentialnutrition.com.br/feel-complete-shake-chocolate,"Porção: 54,7g
(2 colheres-medida)",177.0,20.0,13.0,4.3,1.8,9.1,12.0,156.0
GAMALIFT,,https://www.essentialnutrition.com.br/gamalift-suplemento-de-vitamina-em-capsulas,"Porção: 2,8g
(4 cápsulas)",18.0,0.0,0.0,2.0,0.3,0.0,0.0,0.0
VEGGIE PROTEIN CACAO,,https://www.essentialnutrition.com.br/veggie-protein-cacao-chocolate,Porção: 35g (1 colher-medida),137.0,2.7,22.0,4.2,0.9,3.5,0.0,293.0
NAC + GLYCINE + TAURINE,,https://www.essentialnutrition.com.br/nac-glicina-taurina,"Porção: 3,2g
(3 cápsulas)",0.0,0.0,0.0,0.0,0.0,0.0,0.0,0.0
B COMPLEX,,https://www.essentialnutrition.com.br/b-complex-capsulas,"Porção: 0,55g
(1 cápsula)",0.0,0.0,0.0,0.0,0.0,0.0,0.0,0.0
COLLAGEN PEPT PROTEIN,,https://www.essentialnutrition.com.br/collagen-pept-protein-bebida-proteica-pack,"Porção: 250 ml
(1 unidade)",126.0,2.6,20.0,3.5,3.3,4.1,0.0,90.0
BEEF PROTEIN BANANA COM CANELA,,https://www.essentialnutrition.com.br/beef-protein-banana-com-canela-sache,"Porção: 30g
(1 sachê)",0.0,0.0,0.0,0.0,0.0,0.0,0.0,0.0
GLUTAMINA,,https://www.essentialnutrition.com.br/glutamina-em-po-caixa,Porção: 5g (1 sachê),0.0,0.0,0.0,0.0,0.0,0.0,0.0,0.0
CREALIFT,,https://www.essentialnutrition.com.br/crealift-creatina-mono-hidratada-creapure,"Porção: 3g
(1 colher-medida, conforme marcação)",0.0,0.0,0.0,0.0,0.0,0.0,0.0,0.0
COLLAGEN ESSENTIAL PROTEIN CHOCOLATE,,https://www.essentialnutrition.com.br/collagen-essential-protein-chocolate,"Porção: 20,4g
(1 colher-medida)",67.0,2.0,14.0,0.3,0.2,1.2,0.0,88.0
CARBOLIFT,,https://www.essentialnutrition.com.br/carbolift-palatinose-45-doses,"Porção: 20g
(1 colher-medida, conforme marcação)",80.0,20.0,0.0,0.0,0.0,0.0,20.0,0.0
COLLAGEN 2 JOINT NEUTRO,,https://www.essentialnutrition.com.br/collagen-2-joint-neutro-lata,"Porção: 10g
(1 colher-medida)",34.0,0.0,8.4,0.0,0.0,0.0,0.0,45.0
COLLAGEN RESILIENCE,,https://www.essentialnutrition.com.br/collagen-resilience-maracuja,"Porção: 13g
(1 colher-medida)",32.0,0.7,7.2,0.0,0.0,0.0,0.0,60.0
IMMUNO VEGGIE PROTEIN CHOCOLATE,,https://www.essentialnutrition.com.br/immuno-veggie-protein-chocolate,"Porção: 36,6g (1 colher-medida)",133.0,4.4,22.0,3.0,1.5,3.8,0.0,200.0
SWEETLIFT,,https://www.essentialnutrition.com.br/sweetlift-adocante-natural-em-saches-caixa,"Porção: 0,8g
(1 sachê)",101.0,43.0,0.6,0.0,0.0,0.0,0.0,28.0
VANILLA WHEY,,https://www.essentialnutrition.com.br/vanilla-whey-protein-baunilha,"Porção: 25g
(1 colher-medida)",88.0,0.0,22.0,0.0,0.0,0.0,0.0,89.0
BETA ACTION JABUTICABA,,https://www.essentialnutrition.com.br/beta-action-pre-treino-jabuticaba-com-roma,"Porção: 31,5g (1 colher-medida)",92.0,23.0,0.0,0.0,0.0,0.0,19.0,227.0
RED BERRY WHEY,,https://www.essentialnutrition.com.br/red-berry-whey-antioxidante-box,"Porção: 30g
(1 sachê)",109.0,5.1,22.0,0.0,0.0,0.0,1.1,97.0
IMMUNO WHEY BAUNILHA,,https://www.essentialnutrition.com.br/immuno-whey-baunilha-box,"Porção: 25g
(1 sachê)",88.0,0.0,22.0,0.0,0.0,0.0,0.0,100.0
BRAINSTORM COFFEE CARAMEL LATTE,,https://www.essentialnutrition.com.br/brainstorm-coffee-caramel-latte,"Porção: 13,7g
(1 colher-medida, conforme marcação)",54.0,3.9,0.0,4.1,3.9,2.2,0.0,31.0
COLLAGEN ESSENTIAL PROTEIN BAUNILHA,,https://www.essentialnutrition.com.br/collagen-essential-protein-baunilha,"Porção: 16,7g
(1 colher-medida)",59.0,0.8,14.0,0.0,0.0,0.0,0.0,49.0
VANILLA WHEY,,https://www.essentialnutrition.com.br/vanilla-whey-baunilha-box,"Porção: 25g
(1 sachê)",88.0,0.0,22.0,0.0,0.0,0.0,0.0,89.0
COLLAGEN GUT UVA,,https://www.essentialnutrition.com.br/collagen-gut-uva,"Porção: 22g
(1 colher-medida)",34.0,1.4,4.2,0.0,0.0,5.7,0.0,139.0
CACAO WHEY,,https://www.essentialnutrition.com.br/cacao-whey-protein-chocolate-box,"Porção: 28g
(1 sachê)",104.0,1.9,22.0,0.9,0.5,1.6,0.0,89.0
CREATINE ACTION GUMMY MAÇÃ-VERDE,,https://www.essentialnutrition.com.br/creatina-em-goma-sabor-maca-verde,Porção: 8g (2 gomas),11.0,3.0,0.8,0.0,0.0,0.0,0.0,0.0
VITALIFT,,https://www.essentialnutrition.com.br/vitalift-multivitaminico-em-capsulas,"Porção: 0,7g (1 cápsula)",0.0,0.0,0.0,0.0,0.0,0.0,0.0,0.0
GLUTAMINA,,https://www.essentialnutrition.com.br/glutamina-60-doses,"Porção: 5g
(1 colher-medida, conforme marcação)",0.0,0.0,0.0,0.0,0.0,0.0,0.0,0.0
COQ10,,https://www.essentialnutrition.com.br/coq10-em-capsula,"Porção: 1,5g
(2 cápsulas)",7.0,0.0,0.0,0.8,0.0,0.0,0.0,0.0
MCT LIFT,,https://www.essentialnutrition.com.br/mctlift-oleo-de-coco,Porção: 15ml (3 colheres de chá),126.0,0.0,0.0,14.0,14.0,0.0,0.0,0.0
CHOCOLIFT BE UNIQUE,,https://www.essentialnutrition.com.br/chocolift-be-unique-chocolate-whey-protein,Porção: 40g (1 unidade),473.0,33.0,21.0,35.0,22.0,7.1,0.0,51.0
LIQUID DHA TG,,https://www.essentialnutrition.com.br/liquid-dha-tg-mix-de-frutas,"Porção: 7,5ml
(3 colheres-medida, conforme marcação)",59.0,0.0,0.0,6.5,3.5,0.0,0.0,0.0
IMMUNO VEGGIE PROTEIN CHOCOLATE,,https://www.essentialnutrition.com.br/immuno-veggie-protein-chocolate-sache,"Porção: 36,6g (1 sachê)",133.0,4.4,22.0,3.0,1.5,3.8,0.0,200.0
BCAA LIFT 8:1:1 NEUTRO,,https://www.essentialnutrition.com.br/bcaa-lift-8-1-1-neutro,"Porção: 7g
(1 colher-medida, conforme marcação)",11.0,3.9,0.0,0.0,0.0,0.0,1.3,0.0
[MG] COMPLEX,,https://www.essentialnutrition.com.br/mg-complex-magnesio,"Porção: 2,5g
(3 cápsulas)",0.0,0.0,0.0,0.0,0.0,0.0,0.0,0.0
VITAMINI JUICE MORANGO,,https://www.essentialnutrition.com.br/vitamini-juice-morango-suco-em-po,"Porção: 11,5g
(1 colher-medida)",31.0,5.8,0.0,0.0,0.0,3.8,5.4,33.0
LIQUID SUPER OMEGA-3 TG,,https://www.essentialnutrition.com.br/liquid-super-omega-3-tg,"Porção: 7,5ml
(3 colheres-medida, conforme marcação)",59.0,0.0,0.0,6.5,3.5,0.0,0.0,0.0
CARBPRO 4:1 ENDURANCE & RECOVERY NEUTRO,,https://www.essentialnutrition.com.br/carbpro-4-1-neutro,"Porção: 70g
(2 colheres-medida, conforme marcação)",248.0,50.0,12.0,0.0,0.0,0.0,33.0,72.0
CARBOLIFT,,https://www.essentialnutrition.com.br/carbolift-palatinose,"Porção: 20g
(1 colher-medida, conforme marcação)",80.0,20.0,0.0,0.0,0.0,0.0,20.0,0.0
AÇAÍ WHEY,,https://www.essentialnutrition.com.br/acai-whey-protein-acai-com-banana,"Porção: 30g
(2 colheres-medidas)",116.0,3.0,22.0,1.7,0.5,1.0,1.4,96.0
IMMUNO WHEY CHOCOLATE,,https://www.essentialnutrition.com.br/immuno-whey-chocolate,"Porção: 31g
(1 colher-medida)",102.0,1.6,22.0,0.8,0.4,1.9,0.0,129.0
BEEF PROTEIN BANANA COM CANELA,,https://www.essentialnutrition.com.br/beef-protein-banana-com-canela-box,"Porção: 30g
(1 sachê)",0.0,0.0,0.0,0.0,0.0,0.0,0.0,0.0
VEGAN DELIGHT,,https://www.essentialnutrition.com.br/vegan-delight-bebida-vegetal,,0.0,0.0,0.0,0.0,0.0,0.0,0.0,0.0
COLLAGEN SKIN NEUTRO,,https://www.essentialnutrition.com.br/collagen-skin-neutro,"Porção: 11g
(1 colher-medida, conforme marcação)",36.0,0.9,8.4,0.0,0.0,0.0,0.0,105.0
